Unnamed: 0,Przecietne miesieczne wynagrodzenie brutto,Ludnosc,Tereny zielone powierzchnia,Wydatki z budżetu miasta per capita,Nowe budynki mieszkalne na 1 tys. ludnosci,Liczba lekarzy na 10 tys. mieszkancow,Stopa bezrobocia
Warszawa,7147.46,1794166,2563.73,11277,0.7,152.4,1.8
Katowice,6525.94,290553,487.83000000000004,8342,1.2,199.4,1.7
Lublin,5412.39,338586,821.0,7325,0.6,195.3,5.6
Rzeszow,5518.24,196638,1713.2,8271,0.9,190.2,5.8
Krakow,6482.24,779966,1494.74,8538,2.4,173.4,3.1
Kielce,5218.61,193415,215.81,8011,1.0,150.4,5.8
Wrocław,6140.64,641928,1613.6799999999998,8438,2.5,136.9,2.4
Bydgoszcz,5252.17,344091,790.46,6987,0.6,136.4,3.6
Łodz,5510.99,672185,1366.84,7604,1.1,128.0,6.0
Białystok,5126.79,296958,366.74,7643,0.3,124.3,6.9
Poznan,6104.97,532048,1396.77,8199,3.8,119.0,2.0
Szczecin,5695.84,398255,524.25,8313,1.4,111.9,3.9
Gdansk,6490.53,470805,644.5899999999999,8347,0.8,106.5,3.5
Torun,5331.63,198613,293.21000000000004,7176,1.2,83.5,4.7
